row-number,field,datatype,value
9,"GeoX,GeoY",OSGB,"50.37659339,50.37659339"
27,"GeoX,GeoY",OSGB,"50.83073441,50.83073441"
28,"GeoX,GeoY",OSGB,"50.83073441,50.83073441"
72,"GeoX,GeoY",OSGB,"50.37659366,50.37659339"
83,"GeoX,GeoY",OSGB,"50.26435092,50.26435092"
